Marca temporal,Dirección de correo electrónico,Ingrese su nombre,Ingrese su apellido,¿Usted se encuentra cursando actualmente la materia Laboratorio de Datos?,"¿Cuál es el transporte que utilizó hoy para llegar a Ciudad Universitaria? 
- En caso de utilizar más de uno responder en base al trayecto final."
28/08/2023 10:45:44,matiespi03@gmail.com,matias,espiñeira,Sí,Colectivo
28/08/2023 10:46:51,tizi.solari.saban@gmail.com,Tiziana,Solari Saban,Sí,Colectivo
28/08/2023 10:47:56,pardomora4@gmail.com,Mora ,Pardo,Sí,Colectivo
28/08/2023 10:50:48,r3ch1rd2013@gmail.com,Richard,Pavez,Sí,Colectivo
28/08/2023 10:51:11,felipe.pasquet@gmail.com,Felipe,Pasquet,Sí,Colectivo
28/08/2023 10:51:31,elias.nahuel00@gmail.com,Elias,Nuñez,Sí,Colectivo
28/08/2023 10:51:49,lucaskendikian@gmail.com,Lucas,Kendikian,Sí,Colectivo
28/08/2023 10:51:50,maguidamiani@gmail.com,Magdalena,Damiani Quiroz,Sí,Colectivo
28/08/2023 10:51:59,sabrilo999@gmail.com,Sabrina,Lopez,Sí,Colectivo
28/08/2023 10:52:01,fcorzini@gmail.com,Fabrizio,Corzini,Sí,Colectivo
28/08/2023 10:52:01,matiasprieto2003@gmail.com,Matias,Prieto,Sí,Colectivo
28/08/2023 10:52:01,sofiapotter07@gmail.com,Sofia,Catarraso,Sí,Colectivo
28/08/2023 10:52:01,riessfranco1@gmail.com,Franco Gustavo,Riess,Sí,Auto
28/08/2023 10:52:08,nadianoemmi@gmail.com,Nadia,Colque,Sí,Colectivo
28/08/2023 10:52:09,martincalsina05@gmail.com,Martín Francisco,Calsina Limachi,Sí,Colectivo
28/08/2023 10:52:09,camilalprieto@gmail.com,Camila,Prieto,Sí,Colectivo
28/08/2023 10:52:14,dealmeidapau@gmail.com,Paulo,De Almeida,Sí,Colectivo
28/08/2023 10:52:14,campid2009@gmail.com,nicolas,campitelli,Sí,Tren
28/08/2023 10:52:18,luciotag2011@gmail.com,Lucio,Tag,Sí,Auto
28/08/2023 10:52:23,waismandante@gmail.com,Dante,Waisman,Sí,Bicicleta
28/08/2023 10:52:25,jeremiaslaria7@gmail.com,Jeremias,Laria Guaza,Sí,Colectivo
28/08/2023 10:52:26,joacopiaggio@hotmail.com,Joaquin,Piaggio,Sí,Colectivo
28/08/2023 10:52:29,nahir.vaz@gmail.com,Nahir,Vazquez,Sí,Tren
28/08/2023 10:52:29,martinbelmes@gmail.com,Martin,Belmes,Sí,Monopatín
28/08/2023 10:52:35,augustoguarnaccio@gmail.com,Augusto,Guarnaccio,Sí,Auto
28/08/2023 10:52:35,delfistabile18@gmail.com,Delfina,Stabile,Sí,Auto
28/08/2023 10:52:41,gspina1995@gmail.com,Gonzalo,Spina,Sí,Auto
28/08/2023 10:52:46,matymarzocca@hotmail.com.ar,Matias,Marzocca,Sí,Tren
28/08/2023 10:52:46,facundomunho@gmail.com,Facundo Nicoas,Munho Vital,Sí,Auto
28/08/2023 10:52:49,azulbarracchia@gmail.com,Azul,Barracchia,Sí,Colectivo
28/08/2023 10:52:51,vladimirkannemann11@gmail.com,Vladimir,Kannemann,Sí,Colectivo
28/08/2023 10:52:55,malusalamo@gmail.com,Malena,Alamo,Sí,Colectivo
28/08/2023 10:52:56,agus.drum12@gmail.com,Agustin,Russo,Sí,Tren
28/08/2023 10:53:06,jtpolonuer@gmail.com,Joaquin,Polonuer,Sí,Bicicleta
28/08/2023 10:53:17,joacoalbarracin@gmail.com,Joaquín,Albarracín,Sí,Auto
28/08/2023 10:53:23,mariosigalaguirre@gmail.com,Mario,Sigal Aguirre,Sí,Colectivo
28/08/2023 10:53:23,alvarovpetriz@gmail.com,Alvaro,Petriz Otaño,Sí,Auto
28/08/2023 10:53:42,cesar_momberg@yahoo.com.ar,Cesar,Momberg,Sí,Auto
28/08/2023 10:53:46,valentincordoba00@gmail.com,Valentin,Villanueva,Sí,Colectivo
28/08/2023 10:53:46,nachovittfenn@gmail.com,Ignacio Martin,Vittorini Fennema,Sí,Colectivo
28/08/2023 10:53:51,caceres.blancojm@hotmail.com,Juan Manuel,Càceres Blanco,Sí,Tren
28/08/2023 10:53:54,gabito123481@gmail.com,Gabriel,Bravo,Sí,Colectivo
28/08/2023 10:53:56,carolinamartinovich@hotmail.com,Carolina Julieta,Martinovich,Sí,Colectivo
28/08/2023 10:53:58,florperezr14@gmail.com,Florencia,Pérez Rodríguez,Sí,Auto
28/08/2023 10:53:59,mat_y_as@hotmail.com,Matias,Garcia,Sí,A pie
28/08/2023 10:54:05,luisr.romeroa@gmail.com,Luis,Romero,Sí,Auto
28/08/2023 10:54:08,juanisangiorgio@gmail.com,Juan Ignacio,Sangiorgio,Sí,Tren
28/08/2023 10:54:33,tosaldano@gmail.com,Tomás,Saldaño,Sí,Colectivo
28/08/2023 10:54:35,gabrielbarrientos3@gmail.com,Gabriel,Barrientos,Sí,Moto
28/08/2023 10:54:43,la1247890@gmail.com,lucas,Alonso,Sí,Tren
28/08/2023 10:54:50,matias.n.franco@gmail.com,matias,Franco,Sí,Colectivo
28/08/2023 10:54:55,gantesaugusto3@gmail.com,Augusto,Gantes,Sí,Tren
28/08/2023 10:55:02,tobiasllop@gmail.com,Tobias,Llop,Sí,Tren