album_name,ep,album_release,track_number,track_name,artist,featuring,bonus_track,promotional_release,single_release,track_release,danceability,energy,key,loudness,mode,speechiness,acousticness,instrumentalness,liveness,valence,tempo,time_signature,duration_ms,explicit,key_name,mode_name,key_mode,lyrics
Taylor Swift,FALSE,2006-10-24,1,Tim McGraw,Taylor Swift,NA,FALSE,NA,2006-06-19,2006-06-19,0.58,0.491,0,-6.462,1,0.0251,0.575,0,0.121,0.425,76.009,4,232107,FALSE,C,major,C major,
Taylor Swift,FALSE,2006-10-24,2,Picture To Burn,Taylor Swift,NA,FALSE,NA,2008-02-03,2006-10-24,0.658,0.877,7,-2.098,1,0.0323,0.173,0,0.0962,0.821,105.586,4,173067,FALSE,G,major,G major,
Taylor Swift,FALSE,2006-10-24,3,Teardrops On My Guitar,Taylor Swift,NA,FALSE,NA,2007-02-19,2006-10-24,0.621,0.417,10,-6.941,1,0.0231,0.288,0,0.119,0.289,99.953,4,203040,FALSE,A#,major,A# major,
Taylor Swift,FALSE,2006-10-24,4,A Place In This World,Taylor Swift,NA,FALSE,NA,NA,2006-10-24,0.576,0.777,9,-2.881,1,0.0324,0.051,0,0.32,0.428,115.028,4,199200,FALSE,A,major,A major,
Taylor Swift,FALSE,2006-10-24,5,Cold As You,Taylor Swift,NA,FALSE,NA,NA,2006-10-24,0.418,0.482,5,-5.769,1,0.0266,0.217,0,0.123,0.261,175.558,4,239013,FALSE,F,major,F major,
Taylor Swift,FALSE,2006-10-24,6,The Outside,Taylor Swift,NA,FALSE,NA,NA,2006-10-24,0.589,0.805,5,-4.055,1,0.0293,0.00491,0,0.24,0.591,112.982,4,207107,FALSE,F,major,F major,
Taylor Swift,FALSE,2006-10-24,7,Tied Together With A Smile,Taylor Swift,NA,FALSE,NA,NA,2006-10-24,0.479,0.578,2,-4.963,1,0.0294,0.525,0,0.0841,0.192,146.165,4,248107,FALSE,D,major,D major,
Taylor Swift,FALSE,2006-10-24,8,Stay Beautiful,Taylor Swift,NA,FALSE,NA,NA,2006-10-24,0.594,0.629,8,-4.919,1,0.0246,0.0868,0,0.137,0.504,131.597,4,236053,FALSE,G#,major,G# major,
Taylor Swift,FALSE,2006-10-24,9,Should've Said No,Taylor Swift,NA,FALSE,NA,2008-05-18,2006-10-24,0.476,0.777,4,-3.771,0,0.0289,0.0103,0,0.196,0.472,167.964,4,242200,FALSE,E,minor,E minor,
Taylor Swift,FALSE,2006-10-24,10,Mary's Song (Oh My My My),Taylor Swift,NA,FALSE,NA,NA,2006-10-24,0.403,0.627,2,-5.28,1,0.0292,0.0177,0,0.182,0.374,74.9,4,213080,FALSE,D,major,D major,
Taylor Swift,FALSE,2006-10-24,11,Our Song,Taylor Swift,NA,FALSE,NA,2007-09-09,2006-10-24,0.668,0.672,2,-4.931,1,0.0303,0.111,0,0.329,0.539,89.011,4,201107,FALSE,D,major,D major,
Taylor Swift,FALSE,2006-10-24,12,I'm Only Me When I'm With You,Taylor Swift,NA,TRUE,NA,NA,2008-03-18,0.563,0.934,8,-3.629,1,0.0646,0.00452,8.07e-4,0.103,0.518,143.964,4,213053,FALSE,G#,major,G# major,
Taylor Swift,FALSE,2006-10-24,13,Invisible,Taylor Swift,NA,TRUE,NA,NA,2008-03-18,0.612,0.394,7,-5.723,1,0.0243,0.637,0,0.147,0.233,96.001,4,203227,FALSE,G,major,G major,
Taylor Swift,FALSE,2006-10-24,14,A Perfectly Good Heart,Taylor Swift,NA,TRUE,NA,NA,2008-03-18,0.483,0.751,4,-5.726,1,0.0365,0.00349,0,0.128,0.268,156.092,4,220147,FALSE,E,major,E major,
Taylor Swift,FALSE,2006-10-24,15,Teardrops On My Guitar (Pop Version),Taylor Swift,NA,TRUE,NA,NA,2008-03-18,0.459,0.753,10,-3.827,1,0.0537,0.0402,0,0.0863,0.483,199.997,4,179067,FALSE,A#,major,A# major,
Fearless (Taylor's Version),FALSE,2021-04-09,1,Fearless (Taylor's Version),Taylor Swift,NA,FALSE,NA,NA,2021-04-09,0.569,0.741,5,-4.963,1,0.0282,0.0122,0,0.333,0.43,100.118,4,241592,FALSE,F,major,F major,
Fearless (Taylor's Version),FALSE,2021-04-09,2,Fifteen (Taylor's Version),Taylor Swift,NA,FALSE,NA,NA,2021-04-09,0.559,0.646,7,-4.61,1,0.0272,0.116,0,0.32,0.289,95.466,4,294419,FALSE,G,major,G major,
Fearless (Taylor's Version),FALSE,2021-04-09,3,Love Story (Taylor's Version),Taylor Swift,NA,FALSE,NA,2021-02-12,2021-02-12,0.627,0.792,2,-4.311,1,0.031,0.13,3.97e-6,0.0845,0.415,119.054,4,235767,FALSE,D,major,D major,
Fearless (Taylor's Version),FALSE,2021-04-09,4,Hey Stephen (Taylor's Version),Taylor Swift,NA,FALSE,NA,NA,2021-04-09,0.788,0.571,6,-6.135,1,0.0296,0.106,0,0.0934,0.797,115.99,4,254255,FALSE,F#,major,F# major,
Fearless (Taylor's Version),FALSE,2021-04-09,5,White Horse (Taylor's Version),Taylor Swift,NA,FALSE,NA,NA,2021-04-09,0.423,0.517,0,-7.377,1,0.0486,0.369,0,0.177,0.366,185.262,4,234516,FALSE,C,major,C major,
Fearless (Taylor's Version),FALSE,2021-04-09,6,You Belong With Me (Taylor's Version),Taylor Swift,NA,FALSE,NA,NA,2021-04-09,0.632,0.773,6,-4.856,1,0.0346,0.0623,0,0.0885,0.474,130.033,4,231124,FALSE,F#,major,F# major,
Fearless (Taylor's Version),FALSE,2021-04-09,7,Breathe (Taylor's Version),Taylor Swift,Colbie Caillat,FALSE,NA,NA,2021-04-09,0.506,0.626,1,-6.066,1,0.0287,0.156,0,0.228,0.321,148.035,4,263377,FALSE,C#,major,C# major,
Fearless (Taylor's Version),FALSE,2021-04-09,8,Tell Me Why (Taylor's Version),Taylor Swift,NA,FALSE,NA,NA,2021-04-09,0.578,0.909,7,-3.669,1,0.0628,0.0222,0,0.333,0.541,100.023,4,200576,FALSE,G,major,G major,
Fearless (Taylor's Version),FALSE,2021-04-09,9,You're Not Sorry (Taylor's Version),Taylor Swift,NA,FALSE,NA,NA,2021-04-09,0.506,0.444,6,-4.99,1,0.0285,0.0538,0,0.123,0.241,133.873,4,261843,FALSE,F#,major,F# major,
Fearless (Taylor's Version),FALSE,2021-04-09,10,The Way I Loved You (Taylor's Version),Taylor Swift,NA,FALSE,NA,NA,2021-04-09,0.402,0.732,5,-4.665,1,0.0484,0.0033,0,0.108,0.472,161.032,4,243137,FALSE,F,major,F major,
Fearless (Taylor's Version),FALSE,2021-04-09,11,Forever & Always (Taylor's Version),Taylor Swift,NA,FALSE,NA,NA,2021-04-09,0.598,0.821,10,-4.433,1,0.0447,0.0231,0,0.143,0.673,128.03,4,225328,FALSE,A#,major,A# major,
Fearless (Taylor's Version),FALSE,2021-04-09,12,The Best Day (Taylor's Version),Taylor Swift,NA,FALSE,NA,NA,2021-04-09,0.642,0.576,1,-8.524,1,0.0282,0.488,0,0.159,0.469,125,4,245290,FALSE,C#,major,C# major,
Fearless (Taylor's Version),FALSE,2021-04-09,13,Change (Taylor's Version),Taylor Swift,NA,FALSE,NA,NA,2021-04-09,0.499,0.815,5,-4.063,1,0.0341,1.91e-4,0,0.181,0.344,95.999,4,279360,FALSE,F,major,F major,
Fearless (Taylor's Version),FALSE,2021-04-09,14,Jump Then Fall (Taylor's Version),Taylor Swift,NA,FALSE,NA,NA,2021-04-09,0.572,0.69,2,-6.201,1,0.0358,0.0474,0,0.0897,0.624,160.111,4,237580,FALSE,D,major,D major,
Fearless (Taylor's Version),FALSE,2021-04-09,15,Untouchable (Taylor's Version),Taylor Swift,NA,FALSE,NA,NA,2021-04-09,0.393,0.531,5,-6.112,1,0.0329,0.0181,0,0.169,0.224,200.391,4,312107,FALSE,F,major,F major,
Fearless (Taylor's Version),FALSE,2021-04-09,16,Forever & Always (Piano Version) [Taylor's Version],Taylor Swift,NA,FALSE,NA,NA,2021-04-09,0.546,0.273,9,-9.208,1,0.0308,0.819,0,0.137,0.271,118.753,4,267833,FALSE,A,major,A major,
Fearless (Taylor's Version),FALSE,2021-04-09,17,Come In With The Rain (Taylor's Version),Taylor Swift,NA,FALSE,NA,NA,2021-04-09,0.476,0.564,2,-5.677,1,0.0269,0.0406,0,0.102,0.167,143.929,4,237339,FALSE,D,major,D major,
Fearless (Taylor's Version),FALSE,2021-04-09,18,SuperStar (Taylor's Version),Taylor Swift,NA,FALSE,NA,NA,2021-04-09,0.454,0.555,2,-6.69,1,0.0283,0.157,0,0.343,0.171,171.862,4,263865,FALSE,D,major,D major,
Fearless (Taylor's Version),FALSE,2021-04-09,19,The Other Side Of The Door (Taylor's Version),Taylor Swift,NA,FALSE,NA,NA,2021-04-09,0.432,0.873,4,-4.367,1,0.0577,0.0279,0,0.167,0.629,163.936,4,238444,FALSE,E,major,E major,
Fearless (Taylor's Version),FALSE,2021-04-09,20,Today Was A Fairytale (Taylor's Version),Taylor Swift,NA,FALSE,NA,NA,2021-04-09,0.482,0.779,7,-5.025,1,0.0409,0.0135,0,0.296,0.328,158.162,4,241822,FALSE,G,major,G major,
Fearless (Taylor's Version),FALSE,2021-04-09,21,You All Over Me (Taylor's Version) [From The Vault],Taylor Swift,Maren Morris,FALSE,2021-03-26,NA,2021-03-26,0.599,0.494,2,-7.61,1,0.0372,0.816,0,0.101,0.44,142.893,4,220839,FALSE,D,major,D major,
Fearless (Taylor's Version),FALSE,2021-04-09,22,Mr. Perfectly Fine (Taylor's Version) [From The Vault],Taylor Swift,NA,FALSE,2021-04-07,NA,2021-04-07,0.66,0.817,11,-6.269,0,0.0521,0.162,0,0.0667,0.714,135.942,4,277592,FALSE,B,minor,B minor,
Fearless (Taylor's Version),FALSE,2021-04-09,23,We Were Happy (Taylor's Version) [From The Vault],Taylor Swift,NA,FALSE,NA,NA,2021-04-09,0.609,0.373,0,-8.819,1,0.0263,0.849,0,0.0779,0.13,106.007,4,244237,FALSE,C,major,C major,
Fearless (Taylor's Version),FALSE,2021-04-09,24,That's When (Taylor's Version) [From The Vault],Taylor Swift,Keith Urban,FALSE,NA,NA,2021-04-09,0.588,0.608,5,-7.062,1,0.0365,0.225,0,0.092,0.508,90.201,4,189496,FALSE,F,major,F major,
Fearless (Taylor's Version),FALSE,2021-04-09,25,Don't You (Taylor's Version) [From The Vault],Taylor Swift,NA,FALSE,NA,NA,2021-04-09,0.563,0.473,3,-11.548,1,0.0503,0.514,1.2e-5,0.109,0.405,101.934,4,208609,FALSE,D#,major,D# major,
Fearless (Taylor's Version),FALSE,2021-04-09,26,Bye Bye Baby (Taylor's Version) [From The Vault],Taylor Swift,NA,FALSE,NA,NA,2021-04-09,0.624,0.624,5,-7.86,1,0.053900000000000003,0.334,0,0.0995,0.527,80.132,4,242158,FALSE,F,major,F major,
Speak Now,FALSE,2010-10-25,1,Mine,Taylor Swift,NA,FALSE,NA,2010-08-04,2010-08-04,0.624,0.757,7,-2.94,1,0.0296,0.00265,1.87e-6,0.189,0.658,121.07,4,230707,FALSE,G,major,G major,
Speak Now,FALSE,2010-10-25,2,Sparks Fly,Taylor Swift,NA,FALSE,NA,2011-07-18,2010-10-25,0.605,0.787,5,-3.002,1,0.0308,0.0396,1.42e-6,0.163,0.374,114.987,4,260933,FALSE,F,major,F major,
Speak Now,FALSE,2010-10-25,3,Back To December,Taylor Swift,NA,FALSE,2010-10-11,2010-11-15,2010-10-11,0.529,0.67,2,-4.663,1,0.0303,0.117,0,0.334,0.286,141.893,4,293027,FALSE,D,major,D major,
Speak Now,FALSE,2010-10-25,4,Speak Now,Taylor Swift,NA,FALSE,2010-10-04,NA,2010-10-04,0.709,0.599,7,-3.734,1,0.0304,0.095,0,0.0973,0.735,118.975,4,240760,FALSE,G,major,G major,
Speak Now,FALSE,2010-10-25,5,Dear John,Taylor Swift,NA,FALSE,NA,NA,2010-10-25,0.589,0.47,4,-5.32,1,0.028,0.166,1.45e-6,0.112,0.102,119.386,3,403920,FALSE,E,major,E major,
Speak Now,FALSE,2010-10-25,6,Mean,Taylor Swift,NA,FALSE,2010-10-18,2011-03-13,2010-10-18,0.568,0.761,4,-3.987,1,0.0459,0.452,0,0.217,0.789,163.974,4,237733,FALSE,E,major,E major,
Speak Now,FALSE,2010-10-25,7,The Story Of Us,Taylor Swift,NA,FALSE,NA,2011-04-19,2010-10-25,0.543,0.818,4,-3.611,1,0.0398,0.00478,3.68e-4,0.0357,0.683,139.898,4,265667,FALSE,E,major,E major,
Speak Now,FALSE,2010-10-25,8,Never Grow Up,Taylor Swift,NA,FALSE,NA,NA,2010-10-25,0.714,0.305,2,-8.837,1,0.0305,0.819,0,0.174,0.554,124.91,4,290467,FALSE,D,major,D major,
Speak Now,FALSE,2010-10-25,9,Enchanted,Taylor Swift,NA,FALSE,NA,NA,2010-10-25,0.455,0.623,8,-3.878,1,0.0288,0.0739,4.24e-4,0.146,0.208,163.893,4,352187,FALSE,G#,major,G# major,
Speak Now,FALSE,2010-10-25,10,Better Than Revenge,Taylor Swift,NA,FALSE,NA,NA,2010-10-25,0.516,0.917,11,-3.186,0,0.0827,0.0139,6.37e-6,0.36,0.635,145.821,4,217160,FALSE,B,minor,B minor,
Speak Now,FALSE,2010-10-25,11,Innocent,Taylor Swift,NA,FALSE,NA,NA,2010-10-25,0.552,0.608,1,-5.29,0,0.0259,0.186,0,0.125,0.17,134.05,4,302253,FALSE,C#,minor,C# minor,
Speak Now,FALSE,2010-10-25,12,Haunted,Taylor Swift,NA,FALSE,NA,NA,2010-10-25,0.436,0.95,5,-2.627,1,0.057,0.0826,1.08e-6,0.149,0.352,162.088,4,242080,FALSE,F,major,F major,
Speak Now,FALSE,2010-10-25,13,Last Kiss,Taylor Swift,NA,FALSE,NA,NA,2010-10-25,0.371,0.341,10,-9.475,1,0.0319,0.57,3.09e-5,0.101,0.196,89.038,1,367133,FALSE,A#,major,A# major,
Speak Now,FALSE,2010-10-25,14,Long Live,Taylor Swift,NA,FALSE,NA,NA,2010-10-25,0.418,0.68,7,-4.3,1,0.0347,0.036,7.59e-5,0.114,0.142,204.12,4,317453,FALSE,G,major,G major,
Speak Now,FALSE,2010-10-25,15,Ours,Taylor Swift,NA,TRUE,NA,2011-11-22,2010-10-25,0.608,0.569,0,-7.227,1,0.0284,0.537,0,0.097,0.238,159.845,4,237920,FALSE,C,major,C major,
Speak Now,FALSE,2010-10-25,16,If This Was A Movie,Taylor Swift,NA,TRUE,2010-11-08,NA,2010-10-25,0.511,0.719,4,-3.457,1,0.0265,0.166,4.54e-6,0.34,0.289,147.852,4,234547,FALSE,E,major,E major,
Speak Now,FALSE,2010-10-25,17,Superman,Taylor Swift,NA,TRUE,2010-11-08,NA,2010-10-25,0.582,0.765,7,-3.648,1,0.0324,0.0268,1.95e-6,0.103,0.559,131.982,4,275960,FALSE,G,major,G major,
Red (Taylor's Version),FALSE,2021-11-12,1,State Of Grace (Taylor's Version),Taylor Swift,NA,FALSE,NA,NA,2021-11-12,0.594,0.713,9,-5.314,1,0.0503,3.28e-4,0,0.114,0.328,129.958,4,295413,FALSE,A,major,A major,
Red (Taylor's Version),FALSE,2021-11-12,2,Red (Taylor's Version),Taylor Swift,NA,FALSE,NA,NA,2021-11-12,0.516,0.777,1,-4.908,0,0.0375,0.00108,1.62e-6,0.0761,0.408,125.047,4,223093,FALSE,C#,minor,C# minor,
Red (Taylor's Version),FALSE,2021-11-12,3,Treacherous (Taylor's Version),Taylor Swift,NA,FALSE,NA,NA,2021-11-12,0.645,0.593,2,-6.506,1,0.0288,0.0344,1.27e-4,0.13,0.299,109.984,4,242720,FALSE,D,major,D major,
Red (Taylor's Version),FALSE,2021-11-12,4,I Knew You Were Trouble (Taylor's Version),Taylor Swift,NA,FALSE,NA,NA,2021-11-12,0.584,0.557,6,-6.371,1,0.0342,0.0129,0,0.0576,0.767,154.008,4,219760,FALSE,F#,major,F# major,
Red (Taylor's Version),FALSE,2021-11-12,5,All Too Well (Taylor's Version),Taylor Swift,NA,FALSE,NA,NA,2021-11-12,0.44,0.528,0,-7.809,1,0.0317,0.0171,0.00203,0.234,0.132,185.972,4,329160,FALSE,C,major,C major,
Red (Taylor's Version),FALSE,2021-11-12,6,22 (Taylor's Version),Taylor Swift,NA,FALSE,NA,NA,2021-11-12,0.642,0.695,7,-5.62,1,0.0281,4.43e-4,1.02e-5,0.0753,0.642,103.984,4,230960,FALSE,G,major,G major,
Red (Taylor's Version),FALSE,2021-11-12,7,I Almost Do (Taylor's Version),Taylor Swift,NA,FALSE,NA,NA,2021-11-12,0.511,0.559,4,-6.587,1,0.0264,0.0167,0,0.113,0.248,145.88,4,244587,FALSE,E,major,E major,
Red (Taylor's Version),FALSE,2021-11-12,8,We Are Never Ever Getting Back Together (Taylor's Version),Taylor Swift,NA,FALSE,NA,NA,2021-11-12,0.567,0.686,7,-6.139,1,0.175,0.0317,1.86e-6,0.0732,0.716,172.014,4,193147,FALSE,G,major,G major,
Red (Taylor's Version),FALSE,2021-11-12,9,Stay Stay Stay (Taylor's Version),Taylor Swift,NA,FALSE,NA,NA,2021-11-12,0.693,0.681,0,-7.039,1,0.025,0.0848,0,0.0768,0.663,100.02,4,205787,FALSE,C,major,C major,
Red (Taylor's Version),FALSE,2021-11-12,10,The Last Time (Taylor's Version),Taylor Swift,Gary Lightbody,FALSE,NA,NA,2021-11-12,0.502,0.534,2,-5.954,1,0.0278,0.0399,0,0.0977,0.155,94.05,4,299080,FALSE,D,major,D major,
Red (Taylor's Version),FALSE,2021-11-12,11,Holy Ground (Taylor's Version),Taylor Swift,NA,FALSE,NA,NA,2021-11-12,0.622,0.809,9,-5.623,1,0.0638,0.0288,0.00218,0.109,0.511,156.894,4,202960,FALSE,A,major,A major,
Red (Taylor's Version),FALSE,2021-11-12,12,Sad Beautiful Tragic (Taylor's Version),Taylor Swift,NA,FALSE,NA,NA,2021-11-12,0.601,0.406,7,-11.827,1,0.0275,0.622,9.19e-5,0.133,0.232,130.059,3,284773,FALSE,G,major,G major,
Red (Taylor's Version),FALSE,2021-11-12,13,The Lucky One (Taylor's Version),Taylor Swift,NA,FALSE,NA,NA,2021-11-12,0.686,0.571,4,-7.138,1,0.05,0.066,0,0.0608,0.538,117.889,4,240467,FALSE,E,major,E major,
Red (Taylor's Version),FALSE,2021-11-12,14,Everything Has Changed (Taylor's Version),Taylor Swift,Ed Sheeran,FALSE,NA,NA,2021-11-12,0.498,0.61,6,-5.098,1,0.0363,0.271,0,0.223,0.474,79.918,4,245427,FALSE,F#,major,F# major,
Red (Taylor's Version),FALSE,2021-11-12,15,Starlight (Taylor's Version),Taylor Swift,NA,FALSE,NA,NA,2021-11-12,0.628,0.685,4,-5.864,1,0.0358,0.00324,0,0.18,0.605,126.014,4,220413,FALSE,E,major,E major,
Red (Taylor's Version),FALSE,2021-11-12,16,Begin Again (Taylor's Version),Taylor Swift,NA,FALSE,NA,NA,2021-11-12,0.519,0.527,7,-7.673,1,0.0274,0.075,0,0.132,0.267,78.915,4,238867,FALSE,G,major,G major,
Red (Taylor's Version),FALSE,2021-11-12,17,The Moment I Knew (Taylor's Version),Taylor Swift,NA,FALSE,NA,NA,2021-11-12,0.636,0.402,7,-7.855,1,0.031,0.0494,0,0.107,0.208,125.952,4,285280,FALSE,G,major,G major,
Red (Taylor's Version),FALSE,2021-11-12,18,Come Back...Be Here (Taylor's Version),Taylor Swift,NA,FALSE,NA,NA,2021-11-12,0.46,0.632,4,-6.031,1,0.0302,0.0158,0,0.0822,0.399,79.846,4,223333,FALSE,E,major,E major,
Red (Taylor's Version),FALSE,2021-11-12,19,Girl At Home (Taylor's Version),Taylor Swift,NA,FALSE,NA,NA,2021-11-12,0.691,0.736,5,-6.974,1,0.0326,0.00955,1.88e-5,0.101,0.612,125.089,4,220520,FALSE,F,major,F major,
Red (Taylor's Version),FALSE,2021-11-12,20,State Of Grace (Acoustic Version) [Taylor's Version],Taylor Swift,NA,FALSE,NA,NA,2021-11-12,0.445,0.131,7,-13.778,1,0.0564,0.663,1.57e-6,0.108,0.101,208.918,3,321640,FALSE,G,major,G major,
Red (Taylor's Version),FALSE,2021-11-12,21,Ronan (Taylor's Version),Taylor Swift,NA,FALSE,NA,NA,2021-11-12,0.623,0.279,0,-10.802,1,0.031,0.661,0,0.193,0.38,116.04,4,264253,FALSE,C,major,C major,
Red (Taylor's Version),FALSE,2021-11-12,22,Better Man (Taylor's Version) [From The Vault],Taylor Swift,NA,FALSE,NA,NA,2021-11-12,0.473,0.579,4,-5.824,1,0.0384,0.214,0,0.0877,0.255,73.942,4,297013,FALSE,E,major,E major,
Red (Taylor's Version),FALSE,2021-11-12,23,Nothing New (Taylor's Version) [From The Vault],Taylor Swift,Phoebe Bridgers,FALSE,NA,NA,2021-11-12,0.606,0.377,0,-9.455,1,0.0275,0.817,0,0.154,0.446,101.96,4,258813,FALSE,C,major,C major,
Red (Taylor's Version),FALSE,2021-11-12,24,Babe (Taylor's Version) [From The Vault],Taylor Swift,NA,FALSE,NA,NA,2021-11-12,0.584,0.743,4,-7.075,1,0.0931,0.0538,2.83e-6,0.121,0.746,167.844,4,224240,FALSE,E,major,E major,
Red (Taylor's Version),FALSE,2021-11-12,25,Message In A Bottle (Taylor's Version) [From The Vault],Taylor Swift,NA,FALSE,NA,NA,2021-11-12,0.622,0.791,7,-6.106,1,0.0535,0.00188,3.72e-6,0.083,0.494,115.915,4,225960,FALSE,G,major,G major,
Red (Taylor's Version),FALSE,2021-11-12,26,I Bet You Think About Me (Taylor's Version) [From The Vault],Taylor Swift,Chris Stapleton,FALSE,NA,NA,2021-11-12,0.391,0.715,0,-4.516,1,0.0495,0.167,0,0.183,0.473,149.654,3,285107,TRUE,C,major,C major,
Red (Taylor's Version),FALSE,2021-11-12,27,Forever Winter (Taylor's Version) [From The Vault],Taylor Swift,NA,FALSE,NA,NA,2021-11-12,0.611,0.552,7,-5.828,1,0.031,0.256,0,0.134,0.41,116.012,4,263533,FALSE,G,major,G major,
Red (Taylor's Version),FALSE,2021-11-12,28,Run (Taylor's Version) [From The Vault],Taylor Swift,Ed Sheeran,FALSE,NA,NA,2021-11-12,0.61,0.488,3,-6.918,1,0.0293,0.817,0,0.312,0.443,125.039,4,240227,FALSE,D#,major,D# major,
Red (Taylor's Version),FALSE,2021-11-12,29,The Very First Night (Taylor's Version) [From The Vault],Taylor Swift,NA,FALSE,NA,NA,2021-11-12,0.678,0.733,7,-5.025,1,0.0281,0.00115,0,0.104,0.581,121.009,4,200280,FALSE,G,major,G major,
Red (Taylor's Version),FALSE,2021-11-12,30,All Too Well (10 Minute Version) [Taylor's Version] [From The Vault],Taylor Swift,NA,FALSE,2021-11-15,NA,2021-11-12,0.631,0.518,0,-8.771,1,0.0303,0.274,0,0.088,0.205,93.023,4,613027,TRUE,C,major,C major,
1989,FALSE,2014-10-27,1,Welcome To New York,Taylor Swift,NA,FALSE,2014-10-20,NA,2014-10-20,0.789,0.634,7,-4.762,1,0.0323,0.0348,1.64e-6,0.302,0.658,116.992,4,212600,FALSE,G,major,G major,
1989,FALSE,2014-10-27,2,Blank Space,Taylor Swift,NA,FALSE,NA,2014-11-10,2014-10-27,0.76,0.703,5,-5.412,1,0.054,0.103,0,0.0913,0.57,95.997,4,231827,FALSE,F,major,F major,
1989,FALSE,2014-10-27,3,Style,Taylor Swift,NA,FALSE,NA,2015-02-09,2014-10-27,0.588,0.791,7,-5.595,1,0.0402,0.00245,0.00258,0.118,0.487,94.933,4,231000,FALSE,G,major,G major,
1989,FALSE,2014-10-27,4,Out Of The Woods,Taylor Swift,NA,FALSE,2014-10-14,2016-01-19,2014-10-14,0.553,0.841,7,-6.937,1,0.0396,7.43e-4,1.19e-5,0.341,0.338,92.008,4,235800,FALSE,G,major,G major,
1989,FALSE,2014-10-27,5,All You Had To Do Was Stay,Taylor Swift,NA,FALSE,NA,NA,2014-10-27,0.605,0.725,5,-5.729,1,0.0323,0.00201,2.02e-5,0.101,0.539,96.97,4,193293,FALSE,F,major,F major,
1989,FALSE,2014-10-27,6,Shake It Off,Taylor Swift,NA,FALSE,NA,2014-08-18,2014-08-18,0.647,0.8,7,-5.384,1,0.165,0.0647,0,0.334,0.942,160.078,4,219200,FALSE,G,major,G major,
1989,FALSE,2014-10-27,7,I Wish You Would,Taylor Swift,NA,FALSE,NA,NA,2014-10-27,0.653,0.893,0,-5.966,1,0.0538,0.0158,4.95e-5,0.102,0.513,118.035,4,207440,FALSE,C,major,C major,
1989,FALSE,2014-10-27,8,Bad Blood,Taylor Swift,NA,FALSE,NA,NA,2014-10-27,0.646,0.794,7,-6.104,1,0.19,0.0885,6.16e-6,0.201,0.287,170.216,4,211933,FALSE,G,major,G major,
1989,FALSE,2014-10-27,9,Wildest Dreams,Taylor Swift,NA,FALSE,NA,2015-08-31,2014-10-27,0.55,0.688,8,-7.416,1,0.0897,0.0692,0.00144,0.106,0.465,139.997,4,220440,FALSE,G#,major,G# major,
1989,FALSE,2014-10-27,10,How You Get The Girl,Taylor Swift,NA,FALSE,NA,NA,2014-10-27,0.765,0.656,5,-6.112,1,0.0504,0.00364,0.00868,0.0918,0.545,119.997,4,247533,FALSE,F,major,F major,
1989,FALSE,2014-10-27,11,This Love,Taylor Swift,NA,FALSE,NA,NA,2014-10-27,0.481,0.435,4,-8.795,1,0.0321,0.678,0,0.0928,0.107,143.95,4,250093,FALSE,E,major,E major,
1989,FALSE,2014-10-27,12,I Know Places,Taylor Swift,NA,FALSE,NA,NA,2014-10-27,0.602,0.755,0,-4.991,1,0.071,0.245,0,0.178,0.495,159.965,4,195707,FALSE,C,major,C major,
1989,FALSE,2014-10-27,13,Clean,Taylor Swift,NA,FALSE,NA,NA,2014-10-27,0.815,0.377,4,-7.754,1,0.0346,0.232,0,0.1,0.211,103.97,4,271000,FALSE,E,major,E major,
1989,FALSE,2014-10-27,14,Wonderland,Taylor Swift,NA,TRUE,2015-02-17,NA,2014-10-27,0.422,0.692,3,-5.447,1,0.0549,0.0493,2.57e-5,0.177,0.197,184.014,4,245560,FALSE,D#,major,D# major,
1989,FALSE,2014-10-27,15,You Are In Love,Taylor Swift,NA,TRUE,NA,NA,2014-10-27,0.474,0.48,2,-8.894,1,0.0622,0.707,1.08e-4,0.0903,0.319,170.109,4,267107,FALSE,D,major,D major,
1989,FALSE,2014-10-27,16,New Romantics,Taylor Swift,NA,TRUE,2015-03-03,2016-02-23,2014-10-27,0.633,0.889,5,-5.87,1,0.0715,0.00463,4.58e-4,0.0658,0.584,121.956,4,230467,FALSE,F,major,F major,
reputation,FALSE,2017-11-10,1,...Ready For It?,Taylor Swift,NA,FALSE,NA,2017-10-24,2017-10-24,0.613,0.764,2,-6.509,1,0.136,0.0527,0,0.197,0.417,160.015,4,208187,FALSE,D,major,D major,
reputation,FALSE,2017-11-10,2,End Game,Taylor Swift,"Ed Sheeran, Future",FALSE,NA,2017-11-14,2017-11-10,0.649,0.589,2,-6.237,1,0.0558,0.00845,0,0.108,0.151,159.073,4,244827,FALSE,D,major,D major,
reputation,FALSE,2017-11-10,3,I Did Something Bad,Taylor Swift,NA,FALSE,NA,NA,2017-11-10,0.696,0.602,0,-6.156,0,0.159,0.0679,2.11e-5,0.0696,0.305,82.989,4,238253,FALSE,C,minor,C minor,
reputation,FALSE,2017-11-10,4,Don't Blame Me,Taylor Swift,NA,FALSE,NA,NA,2017-11-10,0.615,0.534,9,-6.719,0,0.0386,0.106,1.76e-5,0.0607,0.193,135.917,4,236413,FALSE,A,minor,A minor,
reputation,FALSE,2017-11-10,5,Delicate,Taylor Swift,NA,FALSE,NA,2018-03-12,2017-11-10,0.75,0.404,9,-10.178,0,0.0682,0.216,3.57e-4,0.0911,0.0499,95.045,4,232253,FALSE,A,minor,A minor,
reputation,FALSE,2017-11-10,6,Look What You Made Me Do,Taylor Swift,NA,FALSE,NA,2017-08-24,2017-08-24,0.766,0.709,9,-6.471,0,0.123,0.204,1.41e-5,0.126,0.506,128.07,4,211853,FALSE,A,minor,A minor,
reputation,FALSE,2017-11-10,7,So It Goes...,Taylor Swift,NA,FALSE,NA,NA,2017-11-10,0.574,0.61,2,-7.283,1,0.0732,0.122,1.1e-6,0.13,0.374,74.957,4,227907,FALSE,D,major,D major,
reputation,FALSE,2017-11-10,8,Gorgeous,Taylor Swift,NA,FALSE,2017-10-20,NA,2017-10-20,0.8,0.535,7,-6.684,1,0.135,0.0713,9.48e-6,0.213,0.451,92.027,4,209680,FALSE,G,major,G major,
reputation,FALSE,2017-11-10,9,Getaway Car,Taylor Swift,NA,FALSE,NA,2018-09-27,2017-11-10,0.562,0.689,2,-6.745,1,0.127,0.00465,2.23e-6,0.0888,0.351,172.054,4,233627,FALSE,D,major,D major,
reputation,FALSE,2017-11-10,10,King Of My Heart,Taylor Swift,NA,FALSE,NA,NA,2017-11-10,0.675,0.703,0,-7.902,1,0.0382,0.00882,2.21e-6,0.0391,0.314,110.01,4,214320,FALSE,C,major,C major,
reputation,FALSE,2017-11-10,11,Dancing With Our Hands Tied,Taylor Swift,NA,FALSE,NA,NA,2017-11-10,0.624,0.691,0,-6.686,0,0.196,0.0604,1.1e-5,0.138,0.284,160.024,4,211507,FALSE,C,minor,C minor,
reputation,FALSE,2017-11-10,12,Dress,Taylor Swift,NA,FALSE,NA,NA,2017-11-10,0.719,0.469,0,-8.792,1,0.0533,0.0329,0,0.169,0.0851,120.085,4,230373,FALSE,C,major,C major,
reputation,FALSE,2017-11-10,13,This Is Why We Can't Have Nice Things,Taylor Swift,NA,FALSE,NA,NA,2017-11-10,0.567,0.789,5,-5.986,1,0.115,0.0156,0,0.382,0.438,163.96,4,207133,FALSE,F,major,F major,
reputation,FALSE,2017-11-10,14,Call It What You Want,Taylor Swift,NA,FALSE,2017-11-03,NA,2017-11-03,0.598,0.504,9,-9.874,1,0.0731,0.186,2.21e-4,0.34,0.252,163.954,4,203507,FALSE,A,major,A major,
reputation,FALSE,2017-11-10,15,New Year's Day,Taylor Swift,NA,FALSE,NA,2017-11-27,2017-11-10,0.661,0.151,0,-12.864,1,0.0354,0.921,0,0.13,0.23,94.922,4,235467,FALSE,C,major,C major,
Lover,FALSE,2019-08-23,1,I Forgot That You Existed,Taylor Swift,NA,FALSE,NA,NA,2019-08-23,0.664,0.316,5,-10.345,1,0.519,0.298,2.03e-6,0.0812,0.541,92.875,4,170640,FALSE,F,major,F major,
Lover,FALSE,2019-08-23,2,Cruel Summer,Taylor Swift,NA,FALSE,NA,NA,2019-08-23,0.552,0.702,9,-5.707,1,0.157,0.117,2.06e-5,0.105,0.564,169.994,4,178427,FALSE,A,major,A major,
Lover,FALSE,2019-08-23,3,Lover,Taylor Swift,NA,FALSE,NA,2019-08-16,2019-08-16,0.359,0.543,7,-7.582,1,0.0919,0.492,1.58e-5,0.118,0.453,68.534,4,221307,FALSE,G,major,G major,
Lover,FALSE,2019-08-23,4,The Man,Taylor Swift,NA,FALSE,NA,2020-01-27,2019-08-23,0.777,0.658,0,-5.191,1,0.054,0.0767,0,0.0901,0.633,110.048,4,190360,FALSE,C,major,C major,
Lover,FALSE,2019-08-23,5,The Archer,Taylor Swift,NA,FALSE,2019-07-23,NA,2019-07-23,0.292,0.574,0,-9.375,1,0.0401,0.12,0.00569,0.0663,0.166,124.344,4,211240,FALSE,C,major,C major,
Lover,FALSE,2019-08-23,6,I Think He Knows,Taylor Swift,NA,FALSE,NA,NA,2019-08-23,0.897,0.366,0,-8.029,1,0.0569,0.00889,3.53e-4,0.0715,0.416,100.003,4,173387,FALSE,C,major,C major,
Lover,FALSE,2019-08-23,7,Miss Americana & The Heartbreak Prince,Taylor Swift,NA,FALSE,NA,NA,2019-08-23,0.662,0.747,11,-6.926,0,0.0736,0.028,0.00615,0.138,0.487,150.088,4,234147,FALSE,B,minor,B minor,
Lover,FALSE,2019-08-23,8,Paper Rings,Taylor Swift,NA,FALSE,NA,NA,2019-08-23,0.811,0.719,9,-6.553,1,0.0497,0.0129,1.36e-5,0.0742,0.865,103.979,4,222400,FALSE,A,major,A major,
Lover,FALSE,2019-08-23,9,Cornelia Street,Taylor Swift,NA,FALSE,NA,NA,2019-08-23,0.824,0.624,0,-9.728,1,0.0827,0.781,1.89e-4,0.1,0.248,102.012,4,287267,FALSE,C,major,C major,
Lover,FALSE,2019-08-23,10,Death By A Thousand Cuts,Taylor Swift,NA,FALSE,NA,NA,2019-08-23,0.712,0.732,4,-6.754,1,0.0629,0.454,0,0.319,0.313,94.071,4,198533,FALSE,E,major,E major,
Lover,FALSE,2019-08-23,11,London Boy,Taylor Swift,NA,FALSE,NA,NA,2019-08-23,0.695,0.71,1,-6.639,1,0.05,0.0246,1.04e-4,0.133,0.557,157.925,4,190240,FALSE,C#,major,C# major,
Lover,FALSE,2019-08-23,12,Soon You'll Get Better,Taylor Swift,The Chicks,FALSE,NA,NA,2019-08-23,0.433,0.182,0,-12.566,1,0.0641,0.907,0,0.123,0.421,207.476,4,201587,FALSE,C,major,C major,
Lover,FALSE,2019-08-23,13,False God,Taylor Swift,NA,FALSE,NA,NA,2019-08-23,0.739,0.32,11,-10.862,0,0.239,0.736,1.47e-4,0.111,0.351,79.97,4,200307,FALSE,B,minor,B minor,
Lover,FALSE,2019-08-23,14,You Need To Calm Down,Taylor Swift,NA,FALSE,NA,2019-06-14,2019-06-14,0.771,0.671,2,-5.617,1,0.0553,0.00929,0,0.0637,0.714,85.026,4,171360,FALSE,D,major,D major,
Lover,FALSE,2019-08-23,15,Afterglow,Taylor Swift,NA,FALSE,NA,NA,2019-08-23,0.756,0.449,9,-8.746,1,0.0344,0.13,0,0.114,0.399,111.011,4,223293,FALSE,A,major,A major,
Lover,FALSE,2019-08-23,16,ME!,Taylor Swift,"Brendon Urie, Panic! At The Disco",FALSE,NA,2019-04-26,2019-04-26,0.61,0.83,0,-4.105,1,0.0571,0.033,0,0.118,0.728,182.162,4,193000,FALSE,C,major,C major,
Lover,FALSE,2019-08-23,17,It's Nice To Have A Friend,Taylor Swift,NA,FALSE,NA,NA,2019-08-23,0.737,0.175,10,-9.912,1,0.0401,0.971,3.37e-4,0.171,0.545,70.008,4,150440,FALSE,A#,major,A# major,
Lover,FALSE,2019-08-23,18,Daylight,Taylor Swift,NA,FALSE,NA,NA,2019-08-23,0.557,0.496,0,-9.602,1,0.0563,0.808,1.73e-4,0.0772,0.265,149.983,4,293453,FALSE,C,major,C major,
folklore,FALSE,2020-07-24,1,the 1,Taylor Swift,NA,FALSE,2020-10-09,NA,2020-07-24,0.78,0.361,0,-6.942,1,0.048,0.75,7.14e-6,0.108,0.163,139.902,4,210240,TRUE,C,major,C major,
folklore,FALSE,2020-07-24,2,cardigan,Taylor Swift,NA,FALSE,NA,2020-07-27,2020-07-24,0.612,0.58,0,-8.572,0,0.0419,0.525,4.14e-4,0.26,0.534,130.045,4,239560,FALSE,C,minor,C minor,
folklore,FALSE,2020-07-24,3,the last great american dynasty,Taylor Swift,NA,FALSE,NA,NA,2020-07-24,0.688,0.653,7,-8.558,1,0.0403,0.481,0.00414,0.106,0.701,147.991,4,231000,TRUE,G,major,G major,
folklore,FALSE,2020-07-24,4,exile,Taylor Swift,Bon Iver,FALSE,NA,2020-08-03,2020-07-24,0.31,0.374,6,-8.464,1,0.0275,0.761,2.46e-5,0.11,0.16,75.938,4,285640,FALSE,F#,major,F# major,
folklore,FALSE,2020-07-24,5,my tears ricochet,Taylor Swift,NA,FALSE,NA,NA,2020-07-24,0.456,0.265,0,-10.663,1,0.0328,0.814,0,0.0679,0.112,129.947,4,255893,FALSE,C,major,C major,
folklore,FALSE,2020-07-24,6,mirrorball,Taylor Swift,NA,FALSE,NA,NA,2020-07-24,0.549,0.417,7,-10.064,1,0.035,0.686,1.9e-6,0.0604,0.347,110.137,4,208973,FALSE,G,major,G major,
folklore,FALSE,2020-07-24,7,seven,Taylor Swift,NA,FALSE,NA,NA,2020-07-24,0.602,0.494,4,-10.813,1,0.0277,0.888,2.59e-5,0.0902,0.374,94.955,4,208907,FALSE,E,major,E major,
folklore,FALSE,2020-07-24,8,august,Taylor Swift,NA,FALSE,NA,NA,2020-07-24,0.387,0.634,5,-9.222,1,0.0363,0.553,6.93e-5,0.0931,0.42,89.567,4,261920,FALSE,F,major,F major,
folklore,FALSE,2020-07-24,9,this is me trying,Taylor Swift,NA,FALSE,NA,NA,2020-07-24,0.511,0.478,9,-9.837,1,0.0322,0.312,2.3e-5,0.147,0.408,135.882,4,195107,FALSE,A,major,A major,
folklore,FALSE,2020-07-24,10,illicit affairs,Taylor Swift,NA,FALSE,NA,NA,2020-07-24,0.529,0.304,10,-10.567,1,0.0356,0.862,0,0.108,0.44,119.58,4,190893,FALSE,A#,major,A# major,
folklore,FALSE,2020-07-24,11,invisible string,Taylor Swift,NA,FALSE,NA,NA,2020-07-24,0.651,0.459,4,-11.128,0,0.0507,0.859,6.63e-5,0.105,0.454,83.455,4,252880,FALSE,E,minor,E minor,
folklore,FALSE,2020-07-24,12,mad woman,Taylor Swift,NA,FALSE,NA,NA,2020-07-24,0.593,0.7,3,-9.016,1,0.0492,0.67,6.77e-6,0.116,0.451,141.898,4,237267,TRUE,D#,major,D# major,
folklore,FALSE,2020-07-24,13,epiphany,Taylor Swift,NA,FALSE,NA,NA,2020-07-24,0.317,0.254,1,-13.679,1,0.0286,0.727,3.26e-4,0.0867,0.103,93.933,4,289747,FALSE,C#,major,C# major,
folklore,FALSE,2020-07-24,14,betty,Taylor Swift,NA,FALSE,NA,2020-08-17,2020-07-24,0.595,0.376,0,-8.767,1,0.0256,0.589,0,0.0989,0.476,95.946,4,294520,TRUE,C,major,C major,
folklore,FALSE,2020-07-24,15,peace,Taylor Swift,NA,FALSE,NA,NA,2020-07-24,0.644,0.284,5,-12.879,1,0.0821,0.916,1.5e-5,0.0909,0.328,150.072,4,234000,TRUE,F,major,F major,
folklore,FALSE,2020-07-24,16,hoax,Taylor Swift,NA,FALSE,NA,NA,2020-07-24,0.676,0.178,8,-15.01,1,0.0394,0.964,7.9e-6,0.135,0.404,118.84,4,220040,FALSE,G#,major,G# major,
folklore,FALSE,2020-07-24,17,the lakes,Taylor Swift,NA,TRUE,2021-07-24,NA,2020-07-24,0.313,0.258,2,-11.532,1,0.0383,0.842,1.3e-6,0.0948,0.268,179.947,4,211813,FALSE,D,major,D major,
evermore,FALSE,2020-12-11,1,willow,Taylor Swift,NA,FALSE,NA,2020-12-11,2020-12-11,0.392,0.574,7,-9.195,1,0.17,0.833,0.00179,0.145,0.529,81.112,4,214707,FALSE,G,major,G major,
evermore,FALSE,2020-12-11,2,champagne problems,Taylor Swift,NA,FALSE,NA,NA,2020-12-11,0.462,0.24,0,-12.077,1,0.0377,0.92,0,0.113,0.32,171.319,4,244000,TRUE,C,major,C major,
evermore,FALSE,2020-12-11,3,gold rush,Taylor Swift,NA,FALSE,NA,NA,2020-12-11,0.512,0.462,9,-10.491,1,0.0408,0.83,0.166,0.121,0.353,112.05,4,185320,TRUE,A,major,A major,
evermore,FALSE,2020-12-11,4,'tis the damn season,Taylor Swift,NA,FALSE,NA,NA,2020-12-11,0.575,0.434,5,-8.193,1,0.0312,0.735,6.59e-5,0.105,0.348,145.916,4,229840,FALSE,F,major,F major,
evermore,FALSE,2020-12-11,5,tolerate it,Taylor Swift,NA,FALSE,NA,NA,2020-12-11,0.316,0.361,9,-10.381,1,0.0488,0.878,2.67e-5,0.0797,0.221,74.952,5,245440,TRUE,A,major,A major,
evermore,FALSE,2020-12-11,6,"no body, no crime",Taylor Swift,HAIM,FALSE,NA,2021-01-11,2020-12-11,0.546,0.613,7,-7.589,0,0.0264,0.418,0,0.103,0.535,79.015,4,215627,FALSE,G,minor,G minor,
evermore,FALSE,2020-12-11,7,happiness,Taylor Swift,NA,FALSE,NA,NA,2020-12-11,0.559,0.334,11,-10.733,1,0.0376,0.87,0,0.114,0.211,122.079,4,315147,TRUE,B,major,B major,
evermore,FALSE,2020-12-11,8,dorothea,Taylor Swift,NA,FALSE,NA,NA,2020-12-11,0.605,0.488,4,-8.322,1,0.0264,0.696,0,0.129,0.354,119.966,4,225880,FALSE,E,major,E major,
evermore,FALSE,2020-12-11,9,coney island,Taylor Swift,The National,FALSE,NA,2021-01-18,2020-12-11,0.537,0.537,8,-11.266,1,0.0617,0.819,9.04e-4,0.142,0.292,107.895,4,275320,FALSE,G#,major,G# major,
evermore,FALSE,2020-12-11,10,ivy,Taylor Swift,NA,FALSE,NA,NA,2020-12-11,0.515,0.545,2,-9.277,1,0.0353,0.855,1.97e-5,0.0921,0.535,88.856,4,260440,TRUE,D,major,D major,
evermore,FALSE,2020-12-11,11,cowboy like me,Taylor Swift,NA,FALSE,NA,NA,2020-12-11,0.604,0.517,0,-9.014,1,0.0347,0.768,1.55e-4,0.123,0.511,127.967,4,275040,TRUE,C,major,C major,
evermore,FALSE,2020-12-11,12,long story short,Taylor Swift,NA,FALSE,NA,NA,2020-12-11,0.546,0.73,0,-7.704,1,0.0417,0.66,0.179,0.0972,0.573,157.895,4,215920,FALSE,C,major,C major,
evermore,FALSE,2020-12-11,13,marjorie,Taylor Swift,NA,FALSE,NA,NA,2020-12-11,0.535,0.561,5,-11.609,1,0.0484,0.876,1.36e-4,0.115,0.287,96.103,4,257773,FALSE,F,major,F major,
evermore,FALSE,2020-12-11,14,closure,Taylor Swift,NA,FALSE,NA,NA,2020-12-11,0.689,0.704,9,-10.813,1,0.245,0.835,4.83e-6,0.134,0.92,151.884,5,180653,FALSE,A,major,A major,
evermore,FALSE,2020-12-11,15,evermore,Taylor Swift,Bon Iver,FALSE,NA,NA,2020-12-11,0.39,0.27,1,-10.673,1,0.0308,0.937,0.00227,0.111,0.32,125.177,5,304107,FALSE,C#,major,C# major,
evermore,FALSE,2020-12-11,16,right where you left me,Taylor Swift,NA,TRUE,NA,NA,2020-12-11,0.581,0.619,10,-6.524,1,0.0282,0.769,1.06e-4,0.117,0.645,137.915,4,245027,FALSE,A#,major,A# major,
evermore,FALSE,2020-12-11,17,it's time to go,Taylor Swift,NA,TRUE,NA,NA,2020-12-11,0.592,0.41,0,-12.426,1,0.0397,0.801,1.39e-5,0.09,0.416,151.923,4,254640,FALSE,C,major,C major,
Midnights,FALSE,2022-10-21,1,Lavender Haze,Taylor Swift,NA,FALSE,NA,2022-11-29,2022-10-21,0.735,0.444,10,-10.519,1,0.0684,0.204,0.0012,0.17,0.0984,97.038,4,202396,TRUE,A#,major,A# major,
Midnights,FALSE,2022-10-21,2,Maroon,Taylor Swift,NA,FALSE,NA,NA,2022-10-21,0.658,0.378,7,-8.3,1,0.0379,0.0593,0,0.0976,0.0382,108.034,4,218271,TRUE,G,major,G major,
Midnights,FALSE,2022-10-21,3,Anti-Hero,Taylor Swift,NA,FALSE,NA,2022-10-24,2022-10-21,0.638,0.634,4,-6.582,1,0.0457,0.133,1.23e-6,0.152,0.519,96.953,4,200690,FALSE,E,major,E major,
Midnights,FALSE,2022-10-21,4,Snow On The Beach,Taylor Swift,Lana Del Rey,FALSE,NA,NA,2022-10-21,0.659,0.323,9,-13.425,1,0.0436,0.735,0.00321,0.116,0.154,110.007,4,256124,TRUE,A,major,A major,
Midnights,FALSE,2022-10-21,5,"You're On Your Own, Kid",Taylor Swift,NA,FALSE,NA,NA,2022-10-21,0.694,0.38,2,-10.307,1,0.0614,0.416,8.47e-6,0.126,0.376,120.044,4,194207,FALSE,D,major,D major,
Midnights,FALSE,2022-10-21,6,Midnight Rain,Taylor Swift,NA,FALSE,NA,NA,2022-10-21,0.636,0.377,0,-11.721,1,0.0708,0.71,6.51e-5,0.115,0.23,139.966,4,174783,FALSE,C,major,C major,
Midnights,FALSE,2022-10-21,7,Question...?,Taylor Swift,NA,FALSE,NA,NA,2022-10-21,0.751,0.502,7,-8.777,1,0.162,0.226,0,0.297,0.112,108.989,4,210557,TRUE,G,major,G major,
Midnights,FALSE,2022-10-21,8,Vigilante Shit,Taylor Swift,NA,FALSE,NA,NA,2022-10-21,0.87,0.279,4,-11.134,0,0.364,0.16,1.74e-5,0.121,0.16,79.996,4,164801,TRUE,E,minor,E minor,
Midnights,FALSE,2022-10-21,9,Bejeweled,Taylor Swift,NA,FALSE,2022-10-25,NA,2022-10-21,0.7,0.55,7,-9.13,1,0.0653,0.0661,1.02e-4,0.091,0.412,164.003,4,194166,FALSE,G,major,G major,
Midnights,FALSE,2022-10-21,10,Labyrinth,Taylor Swift,NA,FALSE,NA,NA,2022-10-21,0.487,0.313,0,-15.434,1,0.0487,0.791,0.348,0.124,0.141,110.039,4,247962,FALSE,C,major,C major,
Midnights,FALSE,2022-10-21,11,Karma,Taylor Swift,NA,FALSE,NA,NA,2022-10-21,0.649,0.622,8,-7.054,1,0.0582,0.074,0,0.594,0.106,90.024,4,204852,TRUE,G#,major,G# major,
Midnights,FALSE,2022-10-21,12,Sweet Nothing,Taylor Swift,NA,FALSE,NA,NA,2022-10-21,0.334,0.161,0,-14.875,1,0.0506,0.967,4.71e-5,0.115,0.396,176.747,4,188497,FALSE,C,major,C major,
Midnights,FALSE,2022-10-21,13,Mastermind,Taylor Swift,NA,FALSE,NA,NA,2022-10-21,0.661,0.352,4,-14.077,1,0.117,0.571,0.00147,0.0884,0.13,125.934,4,191039,FALSE,E,major,E major,
Midnights,FALSE,2022-10-21,14,The Great War,Taylor Swift,NA,TRUE,NA,NA,2022-10-21,0.573,0.741,5,-8.987,1,0.0353,0.219,2.23e-5,0.0842,0.554,96.016,4,240356,FALSE,F,major,F major,
Midnights,FALSE,2022-10-21,15,Bigger Than The Whole Sky,Taylor Swift,NA,TRUE,NA,NA,2022-10-21,0.422,0.235,6,-12.379,1,0.0568,0.826,0.00648,0.115,0.068,165.71,4,218503,FALSE,F#,major,F# major,
Midnights,FALSE,2022-10-21,16,Paris,Taylor Swift,NA,TRUE,NA,NA,2022-10-21,0.7,0.509,7,-10.547,1,0.0789,0.112,3.27e-5,0.137,0.345,110.947,4,196259,FALSE,G,major,G major,
Midnights,FALSE,2022-10-21,17,High Infidelity,Taylor Swift,NA,TRUE,NA,NA,2022-10-21,0.646,0.529,10,-10.179,1,0.0864,0.723,0,0.0885,0.755,87.862,4,231475,FALSE,A#,major,A# major,
Midnights,FALSE,2022-10-21,18,Glitch,Taylor Swift,NA,TRUE,NA,NA,2022-10-21,0.675,0.466,11,-9.738,0,0.201,0.361,0,0.11,0.347,140.864,4,148781,FALSE,B,minor,B minor,
Midnights,FALSE,2022-10-21,19,"Would've, Could've, Should've",Taylor Swift,NA,TRUE,NA,NA,2022-10-21,0.483,0.84,7,-6.508,1,0.119,0.43,5.75e-4,0.146,0.55,157.979,4,260362,FALSE,G,major,G major,
Midnights,FALSE,2022-10-21,20,Dear Reader,Taylor Swift,NA,TRUE,NA,NA,2022-10-21,0.562,0.388,0,-12.088,1,0.0705,0.481,0.00145,0.117,0.159,107.747,4,225194,FALSE,C,major,C major,
Midnights,FALSE,2022-10-21,14,Hits Different,NA,NA,TRUE,NA,NA,2022-10-21,NA,NA,NA,NA,NA,NA,NA,NA,NA,NA,NA,NA,NA,NA,NA,NA,NA,
Midnights,FALSE,2022-10-21,15,"You're On Your Own, Kid (Strings Remix)",NA,NA,TRUE,NA,NA,2022-10-21,NA,NA,NA,NA,NA,NA,NA,NA,NA,NA,NA,NA,NA,NA,NA,NA,NA,
Midnights,FALSE,2022-10-21,16,Sweet Nothing (Piano Remix),NA,NA,TRUE,NA,NA,2022-10-21,NA,NA,NA,NA,NA,NA,NA,NA,NA,NA,NA,NA,NA,NA,NA,NA,NA,
