"Mano","Tiempo"
"Izquierda",4.04
"Derecha",5.24
"Derecha",3.96
"Derecha",5.61
"Derecha",4.63
"Derecha",1.99
"Derecha",1.1
"Derecha",4.2
"Derecha",2.88
"Derecha",3.17
"Izquierda",2.34
"Derecha",5.74
"Derecha",4.57
"Izquierda",1.23
"Derecha",2.08
"Izquierda",3.79
"Izquierda",4.77
"Derecha",6.45
"Derecha",0.62
"Izquierda",2.98
"Derecha",1.12
"Derecha",2.29
"Derecha",1.63
"Izquierda",5.21
"Izquierda",5.4
"Derecha",1.59
"Izquierda",4.91
"Izquierda",5.91
"Izquierda",3.75
"Izquierda",5.5
"Derecha",1.84
"Izquierda",3.84
"Derecha",5.52
"Izquierda",4.93
"Derecha",1.81
"Izquierda",2.34
"Derecha",0.86
"Izquierda",3.58
"Derecha",2.99
"Derecha",3.74
"Derecha",3.45
"Izquierda",5.49
"Derecha",4.5
"Izquierda",2.45
"Izquierda",2.35
"Derecha",3.84
"Derecha",1.96
"Derecha",2.95
"Derecha",2.07
"Izquierda",1.08
